2021-2-15,21:34:17:549,16268, 2336, 12983
2021-2-15,21:34:17:559,16268, 2336, 12983
2021-2-15,21:34:17:569,16268, 2340, 12981
2021-2-15,21:34:17:579,16268, 2340, 12981
2021-2-15,21:34:17:589,16271, 2337, 12979
2021-2-15,21:34:17:599,16271, 2337, 12979
2021-2-15,21:34:17:609,16265, 2340, 12981
2021-2-15,21:34:17:619,16265, 2340, 12981
2021-2-15,21:34:17:629,16266, 2339, 12983
2021-2-15,21:34:17:639,16266, 2339, 12983
2021-2-15,21:34:17:649,16269, 2345, 12977
2021-2-15,21:34:17:659,16269, 2345, 12977
2021-2-15,21:34:17:669,16267, 2343, 12974
2021-2-15,21:34:17:679,16267, 2343, 12974
2021-2-15,21:34:17:689,16270, 2336, 12977
2021-2-15,21:34:17:699,16270, 2336, 12977
2021-2-15,21:34:17:709,16270, 2336, 12977
2021-2-15,21:34:17:719,16270, 2336, 12977
2021-2-15,21:34:17:729,16268, 2341, 12977
2021-2-15,21:34:17:739,16268, 2341, 12977
2021-2-15,21:34:17:749,16264, 2336, 12976
2021-2-15,21:34:17:759,16264, 2336, 12976
2021-2-15,21:34:17:769,16267, 2338, 12981
2021-2-15,21:34:17:779,16267, 2338, 12981
2021-2-15,21:34:17:789,16267, 2340, 12977
2021-2-15,21:34:17:799,16267, 2340, 12977
2021-2-15,21:34:17:809,16269, 2344, 12977
2021-2-15,21:34:17:819,16269, 2344, 12977
2021-2-15,21:34:17:829,16268, 2337, 12976
2021-2-15,21:34:17:839,16268, 2337, 12976
2021-2-15,21:34:17:849,16268, 2343, 12975
2021-2-15,21:34:17:859,16268, 2343, 12975
2021-2-15,21:34:17:869,16267, 2342, 12983
2021-2-15,21:34:17:879,16267, 2342, 12983
2021-2-15,21:34:17:889,16270, 2340, 12979
2021-2-15,21:34:17:899,16270, 2340, 12979
2021-2-15,21:34:17:909,16270, 2337, 12981
2021-2-15,21:34:17:919,16270, 2337, 12981
2021-2-15,21:34:17:929,16268, 2335, 12981
2021-2-15,21:34:17:939,16268, 2335, 12981
2021-2-15,21:34:17:949,16269, 2338, 12974
2021-2-15,21:34:17:959,16269, 2338, 12974
2021-2-15,21:34:17:969,16268, 2343, 12982
2021-2-15,21:34:17:979,16268, 2343, 12982
2021-2-15,21:34:17:989,16268, 2342, 12973
2021-2-15,21:34:17:999,16268, 2342, 12973
2021-2-15,21:34:18:9,16266, 2340, 12980
2021-2-15,21:34:18:19,16266, 2340, 12980
2021-2-15,21:34:18:29,16270, 2336, 12983
2021-2-15,21:34:18:39,16270, 2336, 12983
2021-2-15,21:34:18:49,16267, 2338, 12975
2021-2-15,21:34:18:59,16267, 2338, 12975
2021-2-15,21:34:18:69,16268, 2341, 12982
2021-2-15,21:34:18:79,16268, 2341, 12982
2021-2-15,21:34:18:89,16268, 2339, 12977
2021-2-15,21:34:18:99,16268, 2339, 12977
2021-2-15,21:34:18:109,16265, 2340, 12977
2021-2-15,21:34:18:119,16265, 2340, 12977
2021-2-15,21:34:18:129,16265, 2336, 12977
2021-2-15,21:34:18:139,16265, 2336, 12977
2021-2-15,21:34:18:149,16268, 2343, 12987
2021-2-15,21:34:18:159,16268, 2343, 12987
2021-2-15,21:34:18:169,16270, 2337, 12980
2021-2-15,21:34:18:179,16270, 2337, 12980
2021-2-15,21:34:18:189,16267, 2337, 12974
2021-2-15,21:34:18:199,16267, 2337, 12974
2021-2-15,21:34:18:209,16266, 2338, 12984
2021-2-15,21:34:18:219,16266, 2338, 12984
2021-2-15,21:34:18:229,16269, 2341, 12979
2021-2-15,21:34:18:239,16269, 2341, 12979
2021-2-15,21:34:18:249,16268, 2340, 12978
2021-2-15,21:34:18:259,16268, 2340, 12978
2021-2-15,21:34:18:269,16270, 2337, 12977
2021-2-15,21:34:18:279,16270, 2337, 12977
2021-2-15,21:34:18:289,16267, 2337, 12980
2021-2-15,21:34:18:299,16267, 2337, 12980
2021-2-15,21:34:18:309,16271, 2335, 12977
2021-2-15,21:34:18:319,16271, 2335, 12977
2021-2-15,21:34:18:329,16265, 2338, 12978
2021-2-15,21:34:18:339,16265, 2338, 12978
2021-2-15,21:34:18:349,16269, 2339, 12979
2021-2-15,21:34:18:359,16269, 2339, 12979
2021-2-15,21:34:18:369,16272, 2338, 12980
2021-2-15,21:34:18:379,16272, 2338, 12980
2021-2-15,21:34:18:389,16270, 2336, 12976
2021-2-15,21:34:18:399,16270, 2336, 12976
2021-2-15,21:34:18:409,16267, 2339, 12973
2021-2-15,21:34:18:419,16267, 2339, 12973
2021-2-15,21:34:18:429,16266, 2339, 12977
2021-2-15,21:34:18:439,16266, 2339, 12977
2021-2-15,21:34:18:449,16268, 2343, 12979
2021-2-15,21:34:18:459,16268, 2343, 12979
2021-2-15,21:34:18:469,16269, 2339, 12980
2021-2-15,21:34:18:479,16269, 2339, 12980
2021-2-15,21:34:18:489,16271, 2339, 12977
2021-2-15,21:34:18:499,16271, 2339, 12977
2021-2-15,21:34:18:509,16268, 2341, 12977
2021-2-15,21:34:18:519,16268, 2341, 12977
2021-2-15,21:34:18:529,16270, 2339, 12982
2021-2-15,21:34:18:539,16270, 2339, 12982
2021-2-15,21:34:18:549,16270, 2343, 12976
2021-2-15,21:34:18:559,16270, 2343, 12976
2021-2-15,21:34:18:569,16268, 2341, 12978
2021-2-15,21:34:18:579,16268, 2341, 12978
2021-2-15,21:34:18:589,16266, 2341, 12979
2021-2-15,21:34:18:599,16266, 2341, 12979
2021-2-15,21:34:18:609,16269, 2342, 12976
2021-2-15,21:34:18:619,16269, 2342, 12976
2021-2-15,21:34:18:629,16271, 2337, 12981
2021-2-15,21:34:18:639,16271, 2337, 12981
2021-2-15,21:34:18:649,16265, 2340, 12976
2021-2-15,21:34:18:659,16265, 2340, 12976
2021-2-15,21:34:18:669,16267, 2339, 12975
2021-2-15,21:34:18:679,16267, 2339, 12975
2021-2-15,21:34:18:689,16270, 2344, 12979
2021-2-15,21:34:18:699,16270, 2344, 12979
2021-2-15,21:34:18:709,16267, 2337, 12980
2021-2-15,21:34:18:719,16267, 2337, 12980
2021-2-15,21:34:18:729,16270, 2338, 12980
2021-2-15,21:34:18:739,16270, 2338, 12980
2021-2-15,21:34:18:749,16269, 2343, 12975
2021-2-15,21:34:18:759,16269, 2343, 12975
2021-2-15,21:34:18:769,16268, 2338, 12976
2021-2-15,21:34:18:779,16268, 2338, 12976
2021-2-15,21:34:18:789,16267, 2337, 12978
2021-2-15,21:34:18:799,16267, 2337, 12978
2021-2-15,21:34:18:809,16267, 2337, 12982
2021-2-15,21:34:18:819,16266, 2337, 12982
2021-2-15,21:34:18:829,16266, 2337, 12982
2021-2-15,21:34:18:839,16267, 2337, 12982
2021-2-15,21:34:18:849,16267, 2337, 12982
2021-2-15,21:34:18:859,16268, 2338, 12975
2021-2-15,21:34:18:869,16268, 2338, 12975
2021-2-15,21:34:18:879,16267, 2337, 12977
2021-2-15,21:34:18:889,16267, 2337, 12977
2021-2-15,21:34:18:899,16267, 2341, 12980
2021-2-15,21:34:18:909,16267, 2341, 12980
2021-2-15,21:34:18:919,16270, 2341, 12980
2021-2-15,21:34:18:929,16270, 2341, 12980
2021-2-15,21:34:18:939,16269, 2341, 12976
2021-2-15,21:34:18:949,16269, 2341, 12976
2021-2-15,21:34:18:959,16268, 2338, 12977
2021-2-15,21:34:18:969,16268, 2338, 12977
2021-2-15,21:34:18:979,16267, 2343, 12979
2021-2-15,21:34:18:989,16267, 2343, 12979
2021-2-15,21:34:18:999,16269, 2334, 12977
2021-2-15,21:34:19:9,16269, 2334, 12977
2021-2-15,21:34:19:19,16271, 2338, 12972
2021-2-15,21:34:19:29,16271, 2338, 12972
2021-2-15,21:34:19:39,16272, 2335, 12982
2021-2-15,21:34:19:49,16272, 2335, 12982
2021-2-15,21:34:19:59,16271, 2339, 12977
2021-2-15,21:34:19:69,16271, 2339, 12977
2021-2-15,21:34:19:79,16267, 2338, 12979
2021-2-15,21:34:19:89,16267, 2338, 12979
2021-2-15,21:34:19:99,16268, 2343, 12977
2021-2-15,21:34:19:109,16268, 2343, 12977
2021-2-15,21:34:19:119,16267, 2342, 12983
2021-2-15,21:34:19:129,16267, 2342, 12983
2021-2-15,21:34:19:139,16267, 2338, 12978
2021-2-15,21:34:19:149,16267, 2338, 12978
2021-2-15,21:34:19:159,16269, 2339, 12978
2021-2-15,21:34:19:169,16269, 2339, 12978
2021-2-15,21:34:19:179,16269, 2338, 12976
2021-2-15,21:34:19:189,16269, 2338, 12976
2021-2-15,21:34:19:199,16268, 2342, 12981
2021-2-15,21:34:19:209,16268, 2342, 12981
2021-2-15,21:34:19:219,16270, 2338, 12982
2021-2-15,21:34:19:229,16270, 2338, 12982
2021-2-15,21:34:19:239,16264, 2338, 12979
2021-2-15,21:34:19:249,16264, 2338, 12979
2021-2-15,21:34:19:259,16267, 2337, 12977
2021-2-15,21:34:19:269,16267, 2337, 12977
2021-2-15,21:34:19:279,16269, 2342, 12980
2021-2-15,21:34:19:289,16269, 2342, 12980
2021-2-15,21:34:19:299,16267, 2339, 12975
2021-2-15,21:34:19:309,16267, 2339, 12975
2021-2-15,21:34:19:319,16266, 2341, 12979
2021-2-15,21:34:19:329,16266, 2341, 12979
2021-2-15,21:34:19:339,16265, 2337, 12978
2021-2-15,21:34:19:349,16265, 2337, 12978
2021-2-15,21:34:19:359,16267, 2336, 12985
2021-2-15,21:34:19:369,16267, 2336, 12985
2021-2-15,21:34:19:379,16271, 2336, 12978
2021-2-15,21:34:19:389,16271, 2336, 12978
2021-2-15,21:34:19:399,16266, 2341, 12976
2021-2-15,21:34:19:409,16266, 2341, 12976
2021-2-15,21:34:19:419,16268, 2340, 12975
2021-2-15,21:34:19:429,16268, 2340, 12975
2021-2-15,21:34:19:439,16267, 2338, 12979
2021-2-15,21:34:19:449,16267, 2338, 12979
2021-2-15,21:34:19:459,16270, 2336, 12980
2021-2-15,21:34:19:469,16270, 2336, 12980
2021-2-15,21:34:19:479,16266, 2339, 12979
2021-2-15,21:34:19:489,16266, 2339, 12979
2021-2-15,21:34:19:499,16267, 2339, 12977
2021-2-15,21:34:19:509,16267, 2339, 12977
2021-2-15,21:34:19:519,16271, 2341, 12982
2021-2-15,21:34:19:529,16271, 2341, 12982
2021-2-15,21:34:19:539,16267, 2342, 12983
2021-2-15,21:34:19:549,16267, 2342, 12983
2021-2-15,21:34:19:559,16269, 2342, 12980
2021-2-15,21:34:19:569,16269, 2342, 12980
2021-2-15,21:34:19:579,16267, 2339, 12978
2021-2-15,21:34:19:589,16267, 2339, 12978
2021-2-15,21:34:19:599,16266, 2341, 12980
2021-2-15,21:34:19:609,16266, 2341, 12980
2021-2-15,21:34:19:619,16270, 2338, 12977
2021-2-15,21:34:19:629,16270, 2338, 12977
2021-2-15,21:34:19:639,16269, 2339, 12980
2021-2-15,21:34:19:649,16269, 2339, 12980
2021-2-15,21:34:19:659,16268, 2340, 12981
2021-2-15,21:34:19:669,16268, 2340, 12981
2021-2-15,21:34:19:679,16268, 2338, 12980
2021-2-15,21:34:19:689,16268, 2338, 12980
2021-2-15,21:34:19:699,16268, 2340, 12981
2021-2-15,21:34:19:709,16268, 2340, 12981
2021-2-15,21:34:19:719,16268, 2343, 12982
2021-2-15,21:34:19:729,16268, 2343, 12982
2021-2-15,21:34:19:739,16269, 2336, 12980
2021-2-15,21:34:19:749,16269, 2336, 12980
2021-2-15,21:34:19:759,16265, 2341, 12978
2021-2-15,21:34:19:769,16265, 2341, 12978
2021-2-15,21:34:19:779,16272, 2336, 12977
2021-2-15,21:34:19:789,16272, 2336, 12977
2021-2-15,21:34:19:799,16267, 2343, 12972
2021-2-15,21:34:19:809,16267, 2343, 12972
2021-2-15,21:34:19:819,16267, 2341, 12978
2021-2-15,21:34:19:829,16267, 2341, 12978
2021-2-15,21:34:19:839,16263, 2335, 12977
2021-2-15,21:34:19:849,16263, 2335, 12977
2021-2-15,21:34:19:859,16270, 2344, 12981
2021-2-15,21:34:19:869,16270, 2344, 12981
2021-2-15,21:34:19:879,16267, 2340, 12981
2021-2-15,21:34:19:889,16267, 2340, 12981
2021-2-15,21:34:19:899,16266, 2340, 12977
2021-2-15,21:34:19:909,16266, 2340, 12977
2021-2-15,21:34:19:919,16267, 2341, 12981
2021-2-15,21:34:19:929,16267, 2341, 12981
2021-2-15,21:34:19:939,16271, 2339, 12978
2021-2-15,21:34:19:949,16271, 2339, 12978
2021-2-15,21:34:19:959,16269, 2341, 12975
2021-2-15,21:34:19:969,16269, 2341, 12975
2021-2-15,21:34:19:979,16267, 2342, 12979
2021-2-15,21:34:19:989,16267, 2342, 12979
2021-2-15,21:34:19:999,16267, 2337, 12976
2021-2-15,21:34:20:9,16267, 2337, 12976
2021-2-15,21:34:20:19,16267, 2337, 12980
2021-2-15,21:34:20:29,16267, 2337, 12980
2021-2-15,21:34:20:39,16273, 2340, 12977
2021-2-15,21:34:20:49,16273, 2340, 12977
2021-2-15,21:34:20:59,16270, 2338, 12976
2021-2-15,21:34:20:69,16270, 2338, 12976
2021-2-15,21:34:20:79,16268, 2335, 12980
2021-2-15,21:34:20:89,16268, 2335, 12980
2021-2-15,21:34:20:99,16264, 2340, 12977
2021-2-15,21:34:20:109,16264, 2340, 12977
2021-2-15,21:34:20:119,16266, 2343, 12982
2021-2-15,21:34:20:129,16266, 2343, 12982
2021-2-15,21:34:20:139,16267, 2339, 12977
2021-2-15,21:34:20:149,16267, 2339, 12977
2021-2-15,21:34:20:159,16268, 2339, 12979
2021-2-15,21:34:20:169,16268, 2339, 12979
2021-2-15,21:34:20:179,16266, 2342, 12976
2021-2-15,21:34:20:189,16266, 2342, 12976
2021-2-15,21:34:20:199,16270, 2340, 12980
2021-2-15,21:34:20:209,16270, 2340, 12980
2021-2-15,21:34:20:219,16265, 2337, 12982
2021-2-15,21:34:20:229,16265, 2337, 12982
2021-2-15,21:34:20:239,16267, 2343, 12980
2021-2-15,21:34:20:249,16267, 2343, 12980
2021-2-15,21:34:20:259,16267, 2342, 12980
2021-2-15,21:34:20:269,16267, 2342, 12980
2021-2-15,21:34:20:279,16267, 2344, 12979
2021-2-15,21:34:20:289,16272, 2344, 12979
2021-2-15,21:34:20:299,16272, 2344, 12980
2021-2-15,21:34:20:309,16266, 2340, 12980
2021-2-15,21:34:20:319,16266, 2340, 12980
2021-2-15,21:34:20:329,16270, 2335, 12980
2021-2-15,21:34:20:339,16270, 2335, 12980
2021-2-15,21:34:20:349,16268, 2340, 12977
2021-2-15,21:34:20:359,16268, 2340, 12977
2021-2-15,21:34:20:369,16271, 2341, 12979
2021-2-15,21:34:20:379,16271, 2341, 12979
2021-2-15,21:34:20:389,16268, 2340, 12975
2021-2-15,21:34:20:399,16268, 2340, 12975
2021-2-15,21:34:20:409,16267, 2341, 12979
2021-2-15,21:34:20:419,16267, 2341, 12979
2021-2-15,21:34:20:429,16266, 2343, 12979
2021-2-15,21:34:20:439,16266, 2343, 12979
2021-2-15,21:34:20:449,16269, 2337, 12976
2021-2-15,21:34:20:459,16269, 2337, 12976
2021-2-15,21:34:20:469,16271, 2341, 12978
2021-2-15,21:34:20:479,16271, 2341, 12978
2021-2-15,21:34:20:489,16268, 2341, 12979
2021-2-15,21:34:20:499,16268, 2341, 12979
2021-2-15,21:34:20:509,16272, 2336, 12978
2021-2-15,21:34:20:519,16272, 2336, 12978
2021-2-15,21:34:20:529,16266, 2343, 12980
2021-2-15,21:34:20:539,16266, 2343, 12980
2021-2-15,21:34:20:549,16269, 2339, 12978
2021-2-15,21:34:20:559,16269, 2339, 12978
2021-2-15,21:34:20:569,16266, 2340, 12975
2021-2-15,21:34:20:579,16266, 2340, 12975
2021-2-15,21:34:20:589,16272, 2343, 12976
2021-2-15,21:34:20:599,16272, 2343, 12976
2021-2-15,21:34:20:609,16270, 2336, 12979
2021-2-15,21:34:20:619,16270, 2336, 12979
2021-2-15,21:34:20:629,16266, 2337, 12978
2021-2-15,21:34:20:639,16266, 2337, 12978
2021-2-15,21:34:20:649,16264, 2339, 12974
2021-2-15,21:34:20:659,16264, 2339, 12974
2021-2-15,21:34:20:669,16268, 2339, 12978
2021-2-15,21:34:20:679,16268, 2339, 12978
2021-2-15,21:34:20:689,16266, 2345, 12977
2021-2-15,21:34:20:699,16266, 2345, 12977
2021-2-15,21:34:20:709,16266, 2338, 12977
2021-2-15,21:34:20:719,16266, 2338, 12977
2021-2-15,21:34:20:729,16268, 2338, 12976
2021-2-15,21:34:20:739,16268, 2338, 12976
2021-2-15,21:34:20:749,16269, 2342, 12980
2021-2-15,21:34:20:759,16269, 2342, 12980
2021-2-15,21:34:20:769,16268, 2336, 12977
2021-2-15,21:34:20:779,16268, 2336, 12977
2021-2-15,21:34:20:789,16265, 2343, 12979
2021-2-15,21:34:20:799,16265, 2343, 12979
2021-2-15,21:34:20:809,16271, 2340, 12978
2021-2-15,21:34:20:819,16271, 2340, 12978
2021-2-15,21:34:20:829,16267, 2344, 12981
2021-2-15,21:34:20:839,16267, 2344, 12981
2021-2-15,21:34:20:849,16268, 2342, 12972
2021-2-15,21:34:20:859,16268, 2342, 12972
2021-2-15,21:34:20:869,16268, 2344, 12979
2021-2-15,21:34:20:879,16268, 2344, 12979
2021-2-15,21:34:20:889,16267, 2336, 12982
2021-2-15,21:34:20:899,16267, 2336, 12982
2021-2-15,21:34:20:909,16268, 2342, 12978
2021-2-15,21:34:20:919,16268, 2342, 12978
2021-2-15,21:34:20:929,16265, 2338, 12979
2021-2-15,21:34:20:939,16265, 2338, 12979
2021-2-15,21:34:20:949,16268, 2340, 12977
2021-2-15,21:34:20:959,16268, 2340, 12977
2021-2-15,21:34:20:969,16268, 2337, 12981
2021-2-15,21:34:20:979,16268, 2337, 12981
2021-2-15,21:34:20:989,16266, 2338, 12980
2021-2-15,21:34:20:999,16266, 2338, 12980
2021-2-15,21:34:21:9,16269, 2336, 12980
2021-2-15,21:34:21:19,16269, 2336, 12980
2021-2-15,21:34:21:29,16269, 2338, 12978
2021-2-15,21:34:21:39,16269, 2338, 12978
2021-2-15,21:34:21:49,16270, 2340, 12980
2021-2-15,21:34:21:59,16270, 2340, 12980
2021-2-15,21:34:21:69,16270, 2339, 12983
2021-2-15,21:34:21:79,16270, 2339, 12983
2021-2-15,21:34:21:89,16268, 2337, 12978
2021-2-15,21:34:21:99,16268, 2337, 12978
2021-2-15,21:34:21:109,16270, 2338, 12985
2021-2-15,21:34:21:119,16270, 2338, 12985
2021-2-15,21:34:21:129,16267, 2341, 12973
2021-2-15,21:34:21:139,16267, 2341, 12973
2021-2-15,21:34:21:149,16269, 2338, 12977
2021-2-15,21:34:21:159,16269, 2338, 12977
2021-2-15,21:34:21:169,16266, 2340, 12977
2021-2-15,21:34:21:179,16266, 2340, 12977
2021-2-15,21:34:21:189,16267, 2339, 12981
2021-2-15,21:34:21:199,16267, 2339, 12981
2021-2-15,21:34:21:209,16265, 2344, 12977
2021-2-15,21:34:21:219,16265, 2344, 12977
2021-2-15,21:34:21:229,16272, 2341, 12977
2021-2-15,21:34:21:239,16272, 2341, 12977
2021-2-15,21:34:21:249,16269, 2338, 12978
2021-2-15,21:34:21:259,16269, 2338, 12978
2021-2-15,21:34:21:269,16273, 2338, 12980
2021-2-15,21:34:21:279,16273, 2338, 12980
2021-2-15,21:34:21:289,16266, 2340, 12979
2021-2-15,21:34:21:299,16266, 2340, 12979
2021-2-15,21:34:21:309,16269, 2341, 12978
2021-2-15,21:34:21:319,16269, 2341, 12978
2021-2-15,21:34:21:329,16266, 2339, 12976
2021-2-15,21:34:21:339,16266, 2339, 12976
2021-2-15,21:34:21:349,16266, 2340, 12977
2021-2-15,21:34:21:359,16266, 2340, 12977
2021-2-15,21:34:21:369,16266, 2339, 12978
2021-2-15,21:34:21:379,16266, 2339, 12978
2021-2-15,21:34:21:389,16271, 2343, 12974
2021-2-15,21:34:21:399,16271, 2343, 12974
2021-2-15,21:34:21:409,16268, 2339, 12981
2021-2-15,21:34:21:419,16268, 2339, 12981
2021-2-15,21:34:21:429,16268, 2341, 12976
2021-2-15,21:34:21:439,16268, 2341, 12976
2021-2-15,21:34:21:449,16270, 2341, 12981
2021-2-15,21:34:21:459,16270, 2341, 12981
2021-2-15,21:34:21:469,16269, 2337, 12987
2021-2-15,21:34:21:479,16269, 2337, 12987
2021-2-15,21:34:21:489,16268, 2336, 12981
2021-2-15,21:34:21:499,16268, 2336, 12981
2021-2-15,21:34:21:509,16266, 2344, 12987
2021-2-15,21:34:21:519,16266, 2344, 12987
2021-2-15,21:34:21:529,16270, 2337, 12976
2021-2-15,21:34:21:539,16270, 2337, 12976
2021-2-15,21:34:21:549,16263, 2338, 12975
2021-2-15,21:34:21:559,16263, 2338, 12975
2021-2-15,21:34:21:569,16270, 2339, 12980
2021-2-15,21:34:21:579,16270, 2339, 12980
2021-2-15,21:34:21:589,16271, 2339, 12978
2021-2-15,21:34:21:599,16271, 2339, 12978
2021-2-15,21:34:21:609,16266, 2341, 12981
2021-2-15,21:34:21:619,16266, 2341, 12981
2021-2-15,21:34:21:629,16265, 2341, 12977
2021-2-15,21:34:21:639,16265, 2341, 12977
2021-2-15,21:34:21:649,16270, 2342, 12974
2021-2-15,21:34:21:659,16270, 2342, 12974
2021-2-15,21:34:21:669,16265, 2344, 12978
2021-2-15,21:34:21:679,16265, 2344, 12978
2021-2-15,21:34:21:689,16270, 2340, 12983
2021-2-15,21:34:21:699,16270, 2340, 12983
2021-2-15,21:34:21:709,16267, 2340, 12976
2021-2-15,21:34:21:719,16267, 2340, 12976
2021-2-15,21:34:21:729,16268, 2338, 12982
2021-2-15,21:34:21:739,16268, 2338, 12982
2021-2-15,21:34:21:749,16268, 2341, 12987
2021-2-15,21:34:21:759,16269, 2341, 12987
2021-2-15,21:34:21:769,16269, 2341, 12977
2021-2-15,21:34:21:779,16267, 2338, 12977
2021-2-15,21:34:21:789,16267, 2338, 12977
2021-2-15,21:34:21:799,16269, 2339, 12976
2021-2-15,21:34:21:809,16269, 2339, 12976
2021-2-15,21:34:21:819,16271, 2336, 12974
2021-2-15,21:34:21:829,16271, 2336, 12974
2021-2-15,21:34:21:839,16269, 2338, 12981
2021-2-15,21:34:21:849,16269, 2338, 12981
2021-2-15,21:34:21:859,16272, 2341, 12976
2021-2-15,21:34:21:869,16272, 2341, 12976
2021-2-15,21:34:21:879,16266, 2342, 12980
2021-2-15,21:34:21:889,16266, 2342, 12980
2021-2-15,21:34:21:899,16268, 2336, 12980
2021-2-15,21:34:21:909,16268, 2336, 12980
2021-2-15,21:34:21:919,16268, 2341, 12972
2021-2-15,21:34:21:929,16268, 2341, 12972
2021-2-15,21:34:21:939,16270, 2337, 12980
2021-2-15,21:34:21:949,16270, 2337, 12980
2021-2-15,21:34:21:959,16270, 2342, 12978
2021-2-15,21:34:21:969,16270, 2342, 12978
2021-2-15,21:34:21:979,16271, 2339, 12980
2021-2-15,21:34:21:989,16271, 2339, 12980
2021-2-15,21:34:21:999,16268, 2338, 12977
2021-2-15,21:34:22:9,16268, 2338, 12977
2021-2-15,21:34:22:19,16266, 2339, 12974
2021-2-15,21:34:22:29,16266, 2339, 12974
2021-2-15,21:34:22:39,16266, 2336, 12984
2021-2-15,21:34:22:49,16266, 2336, 12984
2021-2-15,21:34:22:59,16267, 2338, 12983
2021-2-15,21:34:22:69,16267, 2338, 12983
2021-2-15,21:34:22:79,16268, 2338, 12974
2021-2-15,21:34:22:89,16268, 2338, 12974
2021-2-15,21:34:22:99,16264, 2342, 12977
2021-2-15,21:34:22:109,16264, 2342, 12977
2021-2-15,21:34:22:119,16270, 2339, 12977
2021-2-15,21:34:22:129,16270, 2339, 12977
2021-2-15,21:34:22:139,16271, 2346, 12980
2021-2-15,21:34:22:149,16271, 2346, 12980
2021-2-15,21:34:22:159,16267, 2338, 12979
2021-2-15,21:34:22:169,16267, 2338, 12979
2021-2-15,21:34:22:179,16272, 2337, 12972
2021-2-15,21:34:22:189,16272, 2337, 12972
2021-2-15,21:34:22:199,16266, 2337, 12979
2021-2-15,21:34:22:209,16266, 2337, 12979
2021-2-15,21:34:22:219,16266, 2337, 12980
2021-2-15,21:34:22:229,16266, 2337, 12980
2021-2-15,21:34:22:239,16270, 2339, 12979
2021-2-15,21:34:22:249,16270, 2339, 12979
2021-2-15,21:34:22:259,16265, 2339, 12978
2021-2-15,21:34:22:269,16265, 2339, 12978
2021-2-15,21:34:22:279,16267, 2333, 12978
2021-2-15,21:34:22:289,16267, 2333, 12978
2021-2-15,21:34:22:299,16269, 2339, 12981
2021-2-15,21:34:22:309,16269, 2339, 12981
2021-2-15,21:34:22:319,16265, 2341, 12978
2021-2-15,21:34:22:329,16265, 2341, 12978
2021-2-15,21:34:22:339,16267, 2341, 12980
2021-2-15,21:34:22:349,16267, 2341, 12980
2021-2-15,21:34:22:359,16268, 2342, 12978
2021-2-15,21:34:22:369,16268, 2342, 12978
2021-2-15,21:34:22:379,16269, 2339, 12977
2021-2-15,21:34:22:389,16269, 2339, 12977
2021-2-15,21:34:22:399,16269, 2335, 12978
2021-2-15,21:34:22:409,16269, 2335, 12978
2021-2-15,21:34:22:419,16269, 2339, 12979
2021-2-15,21:34:22:429,16269, 2339, 12979
2021-2-15,21:34:22:439,16269, 2341, 12985
2021-2-15,21:34:22:449,16269, 2341, 12985
2021-2-15,21:34:22:459,16268, 2339, 12977
2021-2-15,21:34:22:469,16268, 2339, 12977
2021-2-15,21:34:22:479,16265, 2339, 12971
2021-2-15,21:34:22:489,16265, 2339, 12971
2021-2-15,21:34:22:499,16269, 2341, 12976
2021-2-15,21:34:22:509,16269, 2341, 12976
2021-2-15,21:34:22:519,16271, 2343, 12979
2021-2-15,21:34:22:529,16271, 2343, 12979
2021-2-15,21:34:22:539,16273, 2339, 12976
2021-2-15,21:34:22:570,16271, 2341, 12977
2021-2-15,21:34:22:579,16268, 2342, 12982
2021-2-15,21:34:22:589,16268, 2342, 12982
2021-2-15,21:34:22:599,16266, 2339, 12979
2021-2-15,21:34:22:609,16266, 2339, 12979
2021-2-15,21:34:22:619,16269, 2343, 12989
2021-2-15,21:34:22:629,16269, 2343, 12989
2021-2-15,21:34:22:639,16269, 2342, 12978
2021-2-15,21:34:22:649,16269, 2342, 12978
2021-2-15,21:34:22:659,16268, 2341, 12979
2021-2-15,21:34:22:669,16268, 2341, 12979
2021-2-15,21:34:22:679,16269, 2338, 12981
2021-2-15,21:34:22:689,16269, 2338, 12981
2021-2-15,21:34:22:699,16272, 2337, 12976
2021-2-15,21:34:22:709,16272, 2337, 12976
2021-2-15,21:34:22:719,16272, 2341, 12980
2021-2-15,21:34:22:729,16272, 2341, 12980
2021-2-15,21:34:22:739,16269, 2338, 12980
2021-2-15,21:34:22:749,16269, 2338, 12980
2021-2-15,21:34:22:759,16270, 2339, 12980
2021-2-15,21:34:22:769,16270, 2339, 12980
2021-2-15,21:34:22:779,16270, 2338, 12979
2021-2-15,21:34:22:789,16270, 2338, 12979
2021-2-15,21:34:22:799,16265, 2339, 12981
2021-2-15,21:34:22:809,16265, 2339, 12981
2021-2-15,21:34:22:819,16266, 2341, 12975
2021-2-15,21:34:22:829,16266, 2341, 12975
2021-2-15,21:34:22:839,16269, 2339, 12993
2021-2-15,21:34:22:849,16269, 2339, 12993
2021-2-15,21:34:22:859,16264, 2341, 12979
2021-2-15,21:34:22:869,16264, 2341, 12979
2021-2-15,21:34:22:879,16268, 2341, 12979
2021-2-15,21:34:22:889,16268, 2341, 12979
2021-2-15,21:34:22:899,16266, 2338, 12979
2021-2-15,21:34:22:909,16266, 2338, 12979
2021-2-15,21:34:22:919,16268, 2343, 12979
2021-2-15,21:34:22:929,16268, 2343, 12979
2021-2-15,21:34:22:939,16264, 2341, 12978
2021-2-15,21:34:22:949,16264, 2341, 12978
2021-2-15,21:34:22:959,16269, 2336, 12979
2021-2-15,21:34:22:969,16269, 2336, 12979
2021-2-15,21:34:22:979,16265, 2336, 12977
2021-2-15,21:34:22:989,16265, 2336, 12977
2021-2-15,21:34:22:999,16268, 2340, 12978
2021-2-15,21:34:23:9,16268, 2340, 12978
2021-2-15,21:34:23:19,16270, 2342, 12976
2021-2-15,21:34:23:29,16270, 2342, 12976
2021-2-15,21:34:23:39,16267, 2341, 12982
2021-2-15,21:34:23:49,16267, 2341, 12982
2021-2-15,21:34:23:59,16270, 2342, 12980
2021-2-15,21:34:23:69,16270, 2342, 12980
2021-2-15,21:34:23:79,16267, 2339, 12979
2021-2-15,21:34:23:89,16267, 2339, 12979
2021-2-15,21:34:23:99,16269, 2340, 12981
2021-2-15,21:34:23:109,16269, 2340, 12981
2021-2-15,21:34:23:119,16269, 2340, 12980
2021-2-15,21:34:23:129,16269, 2340, 12980
2021-2-15,21:34:23:139,16268, 2338, 12983
2021-2-15,21:34:23:149,16268, 2338, 12983
2021-2-15,21:34:23:159,16269, 2340, 12979
2021-2-15,21:34:23:169,16269, 2340, 12979
2021-2-15,21:34:23:179,16267, 2340, 12979
2021-2-15,21:34:23:189,16267, 2340, 12979
2021-2-15,21:34:23:199,16271, 2342, 12974
2021-2-15,21:34:23:209,16271, 2342, 12974
2021-2-15,21:34:23:219,16271, 2337, 12977
2021-2-15,21:34:23:229,16269, 2337, 12977
2021-2-15,21:34:23:239,16269, 2337, 12976
2021-2-15,21:34:23:249,16271, 2341, 12976
2021-2-15,21:34:23:259,16271, 2341, 12976
2021-2-15,21:34:23:269,16269, 2340, 12980
2021-2-15,21:34:23:279,16269, 2340, 12980
2021-2-15,21:34:23:289,16270, 2339, 12976
2021-2-15,21:34:23:299,16270, 2339, 12976
2021-2-15,21:34:23:309,16270, 2341, 12980
2021-2-15,21:34:23:319,16270, 2341, 12980
2021-2-15,21:34:23:329,16264, 2341, 12979
2021-2-15,21:34:23:339,16264, 2341, 12979
2021-2-15,21:34:23:349,16267, 2341, 12978
2021-2-15,21:34:23:359,16267, 2341, 12978
2021-2-15,21:34:23:369,16269, 2343, 12976
2021-2-15,21:34:23:379,16269, 2343, 12976
2021-2-15,21:34:23:389,16267, 2342, 12972
2021-2-15,21:34:23:399,16267, 2342, 12972
2021-2-15,21:34:23:409,16269, 2341, 12976
2021-2-15,21:34:23:419,16269, 2341, 12976
2021-2-15,21:34:23:429,16268, 2339, 12979
2021-2-15,21:34:23:439,16268, 2339, 12979
2021-2-15,21:34:23:449,16269, 2341, 12979
2021-2-15,21:34:23:459,16269, 2341, 12979
2021-2-15,21:34:23:469,16265, 2339, 12978
2021-2-15,21:34:23:479,16265, 2339, 12978
2021-2-15,21:34:23:489,16268, 2341, 12981
2021-2-15,21:34:23:499,16268, 2341, 12981
2021-2-15,21:34:23:509,16266, 2341, 12972
2021-2-15,21:34:23:519,16266, 2341, 12972
2021-2-15,21:34:23:529,16269, 2338, 12975
2021-2-15,21:34:23:539,16269, 2338, 12975
2021-2-15,21:34:23:549,16267, 2337, 12976
2021-2-15,21:34:23:559,16267, 2337, 12976
2021-2-15,21:34:23:569,16265, 2336, 12982
2021-2-15,21:34:23:579,16265, 2336, 12982
2021-2-15,21:34:23:589,16269, 2340, 12978
2021-2-15,21:34:23:599,16269, 2340, 12978
2021-2-15,21:34:23:609,16268, 2340, 12977
2021-2-15,21:34:23:619,16268, 2340, 12977
2021-2-15,21:34:23:629,16271, 2338, 12978
2021-2-15,21:34:23:639,16271, 2338, 12978
2021-2-15,21:34:23:649,16269, 2338, 12976
2021-2-15,21:34:23:659,16269, 2338, 12976
2021-2-15,21:34:23:669,16268, 2343, 12980
2021-2-15,21:34:23:679,16268, 2343, 12980
2021-2-15,21:34:23:689,16269, 2336, 12979
2021-2-15,21:34:23:699,16269, 2336, 12979
2021-2-15,21:34:23:709,16270, 2341, 12984
2021-2-15,21:34:23:719,16270, 2341, 12984
2021-2-15,21:34:23:729,16266, 2341, 12988
2021-2-15,21:34:23:739,16266, 2341, 12988
2021-2-15,21:34:23:749,16272, 2336, 12976
2021-2-15,21:34:23:759,16272, 2336, 12976
2021-2-15,21:34:23:769,16268, 2340, 12976
2021-2-15,21:34:23:779,16268, 2340, 12976
2021-2-15,21:34:23:789,16269, 2340, 12980
2021-2-15,21:34:23:799,16269, 2340, 12980
2021-2-15,21:34:23:809,16267, 2339, 12979
2021-2-15,21:34:23:819,16267, 2339, 12979
2021-2-15,21:34:23:829,16265, 2341, 12977
2021-2-15,21:34:23:839,16265, 2341, 12977
2021-2-15,21:34:23:849,16269, 2338, 12978
2021-2-15,21:34:23:859,16269, 2338, 12978
2021-2-15,21:34:23:869,16265, 2338, 12978
2021-2-15,21:34:23:879,16265, 2338, 12978
2021-2-15,21:34:23:889,16269, 2335, 12977
2021-2-15,21:34:23:899,16269, 2335, 12977
2021-2-15,21:34:23:909,16269, 2339, 12972
2021-2-15,21:34:23:919,16269, 2339, 12972
2021-2-15,21:34:23:929,16267, 2344, 12978
2021-2-15,21:34:23:939,16267, 2344, 12978
2021-2-15,21:34:23:949,16268, 2340, 12978
2021-2-15,21:34:23:959,16268, 2340, 12978
2021-2-15,21:34:23:969,16268, 2337, 12980
2021-2-15,21:34:23:979,16268, 2337, 12980
2021-2-15,21:34:23:989,16268, 2337, 12977
2021-2-15,21:34:23:999,16268, 2337, 12977
2021-2-15,21:34:24:9,16267, 2341, 12976
2021-2-15,21:34:24:19,16267, 2341, 12976
2021-2-15,21:34:24:29,16270, 2338, 12973
2021-2-15,21:34:24:39,16270, 2338, 12973
2021-2-15,21:34:24:49,16273, 2342, 12975
2021-2-15,21:34:24:59,16273, 2342, 12975
2021-2-15,21:34:24:69,16268, 2338, 12980
2021-2-15,21:34:24:79,16268, 2338, 12980
2021-2-15,21:34:24:89,16265, 2337, 12982
2021-2-15,21:34:24:99,16265, 2337, 12982
2021-2-15,21:34:24:109,16269, 2340, 12975
2021-2-15,21:34:24:119,16269, 2340, 12975
2021-2-15,21:34:24:129,16267, 2342, 12980
2021-2-15,21:34:24:139,16267, 2342, 12980
2021-2-15,21:34:24:149,16270, 2333, 12975
2021-2-15,21:34:24:159,16270, 2333, 12975
2021-2-15,21:34:24:169,16270, 2342, 12981
2021-2-15,21:34:24:179,16270, 2342, 12981
2021-2-15,21:34:24:189,16270, 2338, 12979
2021-2-15,21:34:24:199,16270, 2338, 12979
2021-2-15,21:34:24:209,16269, 2340, 12978
2021-2-15,21:34:24:219,16269, 2340, 12978
2021-2-15,21:34:24:229,16269, 2338, 12981
2021-2-15,21:34:24:239,16269, 2338, 12981
2021-2-15,21:34:24:249,16267, 2338, 12981
2021-2-15,21:34:24:259,16267, 2338, 12981
2021-2-15,21:34:24:269,16269, 2338, 12979
2021-2-15,21:34:24:279,16269, 2338, 12979
2021-2-15,21:34:24:289,16267, 2339, 12982
2021-2-15,21:34:24:299,16267, 2339, 12982
2021-2-15,21:34:24:309,16268, 2342, 12977
2021-2-15,21:34:24:319,16268, 2342, 12977
2021-2-15,21:34:24:329,16266, 2339, 12981
2021-2-15,21:34:24:339,16266, 2339, 12981
2021-2-15,21:34:24:349,16270, 2340, 12978
2021-2-15,21:34:24:359,16270, 2340, 12978
2021-2-15,21:34:24:369,16267, 2342, 12978
2021-2-15,21:34:24:379,16267, 2342, 12978
2021-2-15,21:34:24:389,16268, 2340, 12975
2021-2-15,21:34:24:399,16268, 2340, 12975
2021-2-15,21:34:24:409,16267, 2340, 12977
2021-2-15,21:34:24:419,16267, 2340, 12977
2021-2-15,21:34:24:429,16267, 2340, 12977
2021-2-15,21:34:24:439,16267, 2340, 12977
2021-2-15,21:34:24:449,16268, 2345, 12979
2021-2-15,21:34:24:459,16268, 2345, 12979
2021-2-15,21:34:24:469,16264, 2343, 12977
2021-2-15,21:34:24:479,16264, 2343, 12977
2021-2-15,21:34:24:489,16266, 2340, 12980
2021-2-15,21:34:24:499,16266, 2340, 12980
2021-2-15,21:34:24:509,16267, 2342, 12974
2021-2-15,21:34:24:519,16267, 2342, 12974
2021-2-15,21:34:24:529,16266, 2339, 12981
2021-2-15,21:34:24:539,16266, 2339, 12981
2021-2-15,21:34:24:549,16264, 2338, 12977
2021-2-15,21:34:24:559,16264, 2338, 12977
2021-2-15,21:34:24:569,16270, 2341, 12981
2021-2-15,21:34:24:579,16270, 2341, 12981
2021-2-15,21:34:24:589,16266, 2337, 12981
2021-2-15,21:34:24:599,16266, 2337, 12981
2021-2-15,21:34:24:609,16270, 2339, 12977
2021-2-15,21:34:24:619,16270, 2339, 12977
2021-2-15,21:34:24:629,16270, 2339, 12980
2021-2-15,21:34:24:639,16270, 2339, 12980
2021-2-15,21:34:24:649,16266, 2344, 12979
2021-2-15,21:34:24:659,16266, 2344, 12979
2021-2-15,21:34:24:669,16266, 2338, 12976
2021-2-15,21:34:24:679,16266, 2338, 12976
2021-2-15,21:34:24:689,16266, 2341, 12976
2021-2-15,21:34:24:699,16269, 2341, 12976
2021-2-15,21:34:24:709,16269, 2343, 12978
2021-2-15,21:34:24:719,16268, 2343, 12978
2021-2-15,21:34:24:729,16268, 2343, 12978
2021-2-15,21:34:24:739,16269, 2337, 12978
2021-2-15,21:34:24:749,16269, 2337, 12978
2021-2-15,21:34:24:759,16268, 2337, 12981
2021-2-15,21:34:24:769,16268, 2337, 12981
2021-2-15,21:34:24:779,16268, 2338, 12979
2021-2-15,21:34:24:789,16268, 2338, 12979
2021-2-15,21:34:24:799,16269, 2341, 12979
2021-2-15,21:34:24:809,16269, 2341, 12979
2021-2-15,21:34:24:819,16272, 2339, 12980
2021-2-15,21:34:24:829,16272, 2339, 12980
2021-2-15,21:34:24:839,16264, 2343, 12974
2021-2-15,21:34:24:849,16264, 2343, 12974
2021-2-15,21:34:24:859,16267, 2339, 12978
2021-2-15,21:34:24:869,16267, 2339, 12978
2021-2-15,21:34:24:879,16264, 2343, 12978
2021-2-15,21:34:24:889,16264, 2343, 12978
2021-2-15,21:34:24:899,16269, 2337, 12980
2021-2-15,21:34:24:909,16269, 2337, 12980
2021-2-15,21:34:24:919,16267, 2343, 12977
2021-2-15,21:34:24:929,16267, 2343, 12977
2021-2-15,21:34:24:939,16267, 2340, 12980
2021-2-15,21:34:24:949,16267, 2340, 12980
2021-2-15,21:34:24:959,16266, 2343, 12981
2021-2-15,21:34:24:969,16266, 2343, 12981
2021-2-15,21:34:24:979,16267, 2339, 12973
2021-2-15,21:34:24:989,16267, 2339, 12973
2021-2-15,21:34:24:999,16272, 2338, 12977
2021-2-15,21:34:25:9,16272, 2338, 12977
2021-2-15,21:34:25:19,16269, 2340, 12972
2021-2-15,21:34:25:29,16269, 2340, 12972
2021-2-15,21:34:25:39,16267, 2337, 12978
2021-2-15,21:34:25:49,16267, 2337, 12978
2021-2-15,21:34:25:59,16269, 2342, 12978
2021-2-15,21:34:25:69,16269, 2342, 12978
2021-2-15,21:34:25:79,16269, 2340, 12979
2021-2-15,21:34:25:89,16269, 2340, 12979
2021-2-15,21:34:25:99,16263, 2346, 12976
2021-2-15,21:34:25:109,16263, 2346, 12976
2021-2-15,21:34:25:119,16268, 2338, 12982
2021-2-15,21:34:25:129,16268, 2338, 12982
2021-2-15,21:34:25:139,16270, 2340, 12978
2021-2-15,21:34:25:149,16270, 2340, 12978
2021-2-15,21:34:25:159,16271, 2337, 12984
2021-2-15,21:34:25:169,16271, 2337, 12984
2021-2-15,21:34:25:179,16268, 2339, 12979
2021-2-15,21:34:25:189,16268, 2339, 12979
2021-2-15,21:34:25:199,16267, 2338, 12980
2021-2-15,21:34:25:209,16267, 2338, 12980
2021-2-15,21:34:25:219,16269, 2340, 12977
2021-2-15,21:34:25:229,16269, 2340, 12977
2021-2-15,21:34:25:239,16266, 2335, 12979
2021-2-15,21:34:25:249,16266, 2335, 12979
2021-2-15,21:34:25:259,16269, 2338, 12980
2021-2-15,21:34:25:269,16269, 2338, 12980
2021-2-15,21:34:25:279,16267, 2339, 12981
2021-2-15,21:34:25:289,16267, 2339, 12981
2021-2-15,21:34:25:299,16270, 2338, 12983
2021-2-15,21:34:25:309,16270, 2338, 12983
2021-2-15,21:34:25:319,16267, 2340, 12976
2021-2-15,21:34:25:329,16267, 2340, 12976
2021-2-15,21:34:25:339,16270, 2341, 12985
2021-2-15,21:34:25:349,16270, 2341, 12985
2021-2-15,21:34:25:359,16271, 2339, 12978
2021-2-15,21:34:25:369,16271, 2339, 12978
2021-2-15,21:34:25:379,16269, 2339, 12983
2021-2-15,21:34:25:389,16269, 2339, 12983
2021-2-15,21:34:25:399,16268, 2338, 12977
2021-2-15,21:34:25:409,16268, 2338, 12977
2021-2-15,21:34:25:419,16267, 2341, 12978
2021-2-15,21:34:25:429,16267, 2341, 12978
2021-2-15,21:34:25:439,16274, 2340, 12976
2021-2-15,21:34:25:449,16274, 2340, 12976
2021-2-15,21:34:25:459,16272, 2339, 12980
2021-2-15,21:34:25:469,16272, 2339, 12980
2021-2-15,21:34:25:479,16268, 2342, 12979
2021-2-15,21:34:25:489,16268, 2342, 12979
2021-2-15,21:34:25:499,16267, 2341, 12975
2021-2-15,21:34:25:509,16267, 2341, 12975
2021-2-15,21:34:25:519,16268, 2341, 12983
2021-2-15,21:34:25:529,16268, 2341, 12983
2021-2-15,21:34:25:539,16271, 2340, 12982
2021-2-15,21:34:25:549,16271, 2340, 12982
2021-2-15,21:34:25:559,16265, 2340, 12980
2021-2-15,21:34:25:569,16265, 2340, 12980
2021-2-15,21:34:25:579,16268, 2339, 12977
2021-2-15,21:34:25:589,16268, 2339, 12977
2021-2-15,21:34:25:599,16272, 2340, 12975
2021-2-15,21:34:25:609,16272, 2340, 12975
2021-2-15,21:34:25:619,16269, 2337, 12975
2021-2-15,21:34:25:629,16269, 2337, 12975
2021-2-15,21:34:25:639,16267, 2340, 12979
2021-2-15,21:34:25:649,16267, 2340, 12979
2021-2-15,21:34:25:659,16270, 2340, 12981
2021-2-15,21:34:25:669,16270, 2340, 12981
2021-2-15,21:34:25:679,16266, 2344, 12979
2021-2-15,21:34:25:689,16266, 2344, 12979
2021-2-15,21:34:25:699,16269, 2341, 12980
2021-2-15,21:34:25:709,16269, 2341, 12980
2021-2-15,21:34:25:719,16270, 2336, 12975
2021-2-15,21:34:25:729,16270, 2336, 12975
2021-2-15,21:34:25:739,16267, 2342, 12982
2021-2-15,21:34:25:749,16267, 2342, 12982
2021-2-15,21:34:25:759,16264, 2343, 12974
2021-2-15,21:34:25:769,16264, 2343, 12974
2021-2-15,21:34:25:779,16269, 2337, 12978
2021-2-15,21:34:25:789,16269, 2337, 12978
2021-2-15,21:34:25:799,16263, 2340, 12976
2021-2-15,21:34:25:809,16263, 2340, 12976
2021-2-15,21:34:25:819,16266, 2341, 12980
2021-2-15,21:34:25:829,16266, 2341, 12980
2021-2-15,21:34:25:839,16271, 2334, 12981
2021-2-15,21:34:25:849,16271, 2334, 12981
2021-2-15,21:34:25:859,16266, 2346, 12984
2021-2-15,21:34:25:869,16266, 2346, 12984
2021-2-15,21:34:25:879,16265, 2337, 12977
2021-2-15,21:34:25:889,16265, 2337, 12977
2021-2-15,21:34:25:899,16272, 2339, 12978
2021-2-15,21:34:25:909,16272, 2339, 12978
2021-2-15,21:34:25:919,16268, 2338, 12982
2021-2-15,21:34:25:929,16268, 2338, 12982
2021-2-15,21:34:25:939,16270, 2341, 12983
2021-2-15,21:34:25:949,16270, 2341, 12983
2021-2-15,21:34:25:959,16270, 2339, 12981
2021-2-15,21:34:25:969,16270, 2339, 12981
2021-2-15,21:34:25:979,16268, 2342, 12977
2021-2-15,21:34:25:989,16268, 2342, 12977
2021-2-15,21:34:25:999,16270, 2342, 12980
2021-2-15,21:34:26:9,16270, 2342, 12980
2021-2-15,21:34:26:19,16269, 2339, 12979
2021-2-15,21:34:26:29,16269, 2339, 12979
2021-2-15,21:34:26:39,16270, 2338, 12976
2021-2-15,21:34:26:49,16270, 2338, 12976
2021-2-15,21:34:26:59,16269, 2340, 12974
2021-2-15,21:34:26:69,16269, 2340, 12974
2021-2-15,21:34:26:79,16267, 2342, 12983
2021-2-15,21:34:26:89,16267, 2342, 12983
2021-2-15,21:34:26:99,16271, 2336, 12976
2021-2-15,21:34:26:109,16271, 2336, 12976
2021-2-15,21:34:26:119,16272, 2342, 12979
2021-2-15,21:34:26:129,16272, 2342, 12979
2021-2-15,21:34:26:139,16269, 2346, 12976
2021-2-15,21:34:26:149,16269, 2346, 12976
2021-2-15,21:34:26:159,16267, 2343, 12981
2021-2-15,21:34:26:169,16267, 2343, 12981
2021-2-15,21:34:26:179,16267, 2341, 12981
2021-2-15,21:34:26:189,16271, 2341, 12981
2021-2-15,21:34:26:199,16271, 2341, 12981
2021-2-15,21:34:26:209,16272, 2337, 12981
2021-2-15,21:34:26:219,16272, 2337, 12981
2021-2-15,21:34:26:229,16269, 2338, 12979
2021-2-15,21:34:26:239,16269, 2338, 12979
2021-2-15,21:34:26:249,16269, 2339, 12979
2021-2-15,21:34:26:259,16269, 2339, 12979
2021-2-15,21:34:26:269,16268, 2339, 12979
2021-2-15,21:34:26:279,16268, 2339, 12979
2021-2-15,21:34:26:289,16270, 2343, 12980
2021-2-15,21:34:26:299,16270, 2343, 12980
2021-2-15,21:34:26:309,16269, 2335, 12977
2021-2-15,21:34:26:319,16269, 2335, 12977
2021-2-15,21:34:26:329,16267, 2342, 12988
2021-2-15,21:34:26:339,16267, 2342, 12988
2021-2-15,21:34:26:349,16266, 2345, 12978
2021-2-15,21:34:26:359,16266, 2345, 12978
2021-2-15,21:34:26:369,16266, 2335, 12977
2021-2-15,21:34:26:379,16266, 2335, 12977
2021-2-15,21:34:26:389,16265, 2338, 12979
2021-2-15,21:34:26:399,16265, 2338, 12979
2021-2-15,21:34:26:409,16272, 2342, 12979
2021-2-15,21:34:26:419,16272, 2342, 12979
2021-2-15,21:34:26:429,16268, 2338, 12975
2021-2-15,21:34:26:439,16268, 2338, 12975
2021-2-15,21:34:26:449,16271, 2335, 12976
2021-2-15,21:34:26:459,16271, 2335, 12976
2021-2-15,21:34:26:469,16267, 2338, 12976
2021-2-15,21:34:26:479,16267, 2338, 12976
2021-2-15,21:34:26:489,16266, 2341, 12984
2021-2-15,21:34:26:499,16266, 2341, 12984
2021-2-15,21:34:26:509,16267, 2343, 12977
2021-2-15,21:34:26:519,16267, 2343, 12977
2021-2-15,21:34:26:529,16268, 2341, 12979
2021-2-15,21:34:26:539,16268, 2341, 12979
2021-2-15,21:34:26:549,16269, 2339, 12982
2021-2-15,21:34:26:559,16269, 2339, 12982
2021-2-15,21:34:26:569,16270, 2343, 12976
2021-2-15,21:34:26:579,16270, 2343, 12976
2021-2-15,21:34:26:589,16269, 2341, 12974
2021-2-15,21:34:26:599,16269, 2341, 12974
2021-2-15,21:34:26:609,16269, 2343, 12982
2021-2-15,21:34:26:619,16269, 2343, 12982
2021-2-15,21:34:26:629,16269, 2342, 12989
2021-2-15,21:34:26:639,16269, 2342, 12989
2021-2-15,21:34:26:649,16265, 2342, 12976
2021-2-15,21:34:26:659,16265, 2342, 12976
2021-2-15,21:34:26:669,16269, 2338, 12977
2021-2-15,21:34:26:679,16269, 2338, 12977
2021-2-15,21:34:26:689,16267, 2335, 12974
2021-2-15,21:34:26:699,16267, 2335, 12974
2021-2-15,21:34:26:709,16267, 2341, 12976
2021-2-15,21:34:26:719,16267, 2341, 12976
2021-2-15,21:34:26:729,16265, 2339, 12977
2021-2-15,21:34:26:739,16265, 2339, 12977
2021-2-15,21:34:26:749,16271, 2337, 12974
2021-2-15,21:34:26:759,16271, 2337, 12974
2021-2-15,21:34:26:769,16268, 2342, 12983
2021-2-15,21:34:26:779,16268, 2342, 12983
2021-2-15,21:34:26:789,16271, 2336, 12979
2021-2-15,21:34:26:799,16271, 2336, 12979
2021-2-15,21:34:26:809,16264, 2336, 12981
2021-2-15,21:34:26:819,16264, 2336, 12981
2021-2-15,21:34:26:829,16269, 2339, 12976
2021-2-15,21:34:26:839,16269, 2339, 12976
2021-2-15,21:34:26:849,16267, 2340, 12984
2021-2-15,21:34:26:859,16267, 2340, 12984
2021-2-15,21:34:26:869,16268, 2335, 12975
2021-2-15,21:34:26:879,16268, 2335, 12975
2021-2-15,21:34:26:889,16268, 2340, 12982
2021-2-15,21:34:26:899,16268, 2340, 12982
2021-2-15,21:34:26:909,16265, 2342, 12981
2021-2-15,21:34:26:919,16265, 2342, 12981
2021-2-15,21:34:26:929,16268, 2339, 12980
2021-2-15,21:34:26:939,16268, 2339, 12980
2021-2-15,21:34:26:949,16267, 2338, 12976
2021-2-15,21:34:26:959,16267, 2338, 12976
2021-2-15,21:34:26:969,16269, 2336, 12979
2021-2-15,21:34:26:979,16269, 2336, 12979
2021-2-15,21:34:26:989,16269, 2337, 12977
2021-2-15,21:34:26:999,16269, 2337, 12977
2021-2-15,21:34:27:9,16269, 2338, 12982
2021-2-15,21:34:27:19,16269, 2338, 12982
2021-2-15,21:34:27:29,16268, 2336, 12985
2021-2-15,21:34:27:39,16268, 2336, 12985
2021-2-15,21:34:27:49,16268, 2342, 12976
2021-2-15,21:34:27:59,16268, 2342, 12976
2021-2-15,21:34:27:69,16268, 2341, 12975
2021-2-15,21:34:27:79,16268, 2341, 12975
2021-2-15,21:34:27:89,16268, 2344, 12980
2021-2-15,21:34:27:99,16268, 2344, 12980
2021-2-15,21:34:27:109,16271, 2344, 12973
2021-2-15,21:34:27:119,16271, 2344, 12973
2021-2-15,21:34:27:129,16269, 2341, 12979
2021-2-15,21:34:27:139,16269, 2341, 12979
2021-2-15,21:34:27:149,16269, 2340, 12979
2021-2-15,21:34:27:159,16269, 2340, 12979
2021-2-15,21:34:27:169,16266, 2340, 12978
2021-2-15,21:34:27:179,16266, 2340, 12978
2021-2-15,21:34:27:189,16265, 2340, 12979
2021-2-15,21:34:27:199,16265, 2340, 12979
2021-2-15,21:34:27:209,16269, 2340, 12974
2021-2-15,21:34:27:219,16269, 2340, 12974
2021-2-15,21:34:27:229,16268, 2338, 12978
2021-2-15,21:34:27:239,16268, 2338, 12978
2021-2-15,21:34:27:249,16266, 2343, 12979
2021-2-15,21:34:27:259,16266, 2343, 12979
2021-2-15,21:34:27:269,16263, 2336, 12980
2021-2-15,21:34:27:279,16263, 2336, 12980
2021-2-15,21:34:27:289,16267, 2342, 12976
2021-2-15,21:34:27:299,16267, 2342, 12976
2021-2-15,21:34:27:309,16263, 2342, 12978
2021-2-15,21:34:27:319,16263, 2342, 12978
2021-2-15,21:34:27:329,16266, 2336, 12979
2021-2-15,21:34:27:339,16266, 2336, 12979
2021-2-15,21:34:27:349,16267, 2337, 12976
2021-2-15,21:34:27:359,16267, 2337, 12976
2021-2-15,21:34:27:369,16268, 2337, 12979
2021-2-15,21:34:27:379,16268, 2337, 12979
2021-2-15,21:34:27:389,16271, 2337, 12980
2021-2-15,21:34:27:399,16271, 2337, 12980
2021-2-15,21:34:27:409,16268, 2339, 12977
2021-2-15,21:34:27:419,16268, 2339, 12977
2021-2-15,21:34:27:429,16264, 2339, 12976
2021-2-15,21:34:27:439,16264, 2339, 12976
2021-2-15,21:34:27:449,16268, 2340, 12977
2021-2-15,21:34:27:459,16268, 2340, 12977
2021-2-15,21:34:27:469,16267, 2338, 12981
2021-2-15,21:34:27:479,16267, 2338, 12981
2021-2-15,21:34:27:489,16268, 2338, 12978
2021-2-15,21:34:27:499,16268, 2338, 12978
2021-2-15,21:34:27:509,16267, 2340, 12977
2021-2-15,21:34:27:519,16267, 2340, 12977
2021-2-15,21:34:27:529,16273, 2341, 12976
2021-2-15,21:34:27:539,16273, 2341, 12976
2021-2-15,21:34:27:549,16264, 2336, 12979
2021-2-15,21:34:27:559,16264, 2336, 12979
